{
    "story_string": "{{#if anchorBefore}}{{anchorBefore}}\n{{/if}}{{#if system}}{{system}}\n{{/if}}{{#if wiBefore}}{{wiBefore}}\n{{/if}}{{#if description}}{{description}}\n{{/if}}{{#if personality}}{{personality}}\n{{/if}}{{#if scenario}}{{scenario}}\n{{/if}}{{#if wiAfter}}{{wiAfter}}\n{{/if}}{{#if persona}}{{persona}}\n{{/if}}{{#if anchorAfter}}{{anchorAfter}}\n{{/if}}{{trim}}",
    "example_separator": "### Example:",
    "chat_start": "### START ROLEPLAY:",
    "use_stop_strings": false,
    "names_as_stop_strings": true,
    "story_string_position": 0,
    "story_string_depth": 1,
    "story_string_role": 0,
    "always_force_name2": true,
    "trim_sentences": false,
    "single_line": false,
    "name": "Libra-32B"
}
