{
    "input_sequence": "<|userprompt|>",
    "output_sequence": "<|response|>",
    "last_output_sequence": "",
    "system_sequence": "<|system|>",
    "stop_sequence": "<|endofresponse|>",
    "wrap": true,
    "macro": true,
    "names_behavior": "force",
    "activation_regex": "",
    "first_output_sequence": "",
    "skip_examples": false,
    "output_suffix": "<|endofresponse|>\n",
    "input_suffix": "<|endofuserprompt|>\n",
    "system_suffix": "<|endofsystem|>\n",
    "user_alignment_message": "",
    "system_same_as_user": false,
    "last_system_sequence": "",
    "first_input_sequence": "",
    "last_input_sequence": "",
    "sequences_as_stop_strings": true,
    "story_string_prefix": "<|system|>",
    "story_string_suffix": "<|endofsystem|>\n",
    "name": "Dots1"
}
