{
    "input_sequence": "{{[INPUT]}}",
    "output_sequence": "{{[OUPUT]}}",
    "last_output_sequence": "",
    "system_sequence": "{{[SYSTEM]}}",
    "stop_sequence": "",
    "wrap": false,
    "macro": true,
    "names_behavior": "force",
    "activation_regex": "",
    "first_output_sequence": "",
    "skip_examples": false,
    "output_suffix": "{{[OUTPUT_END]}}",
    "input_suffix": "{{[INPUT_END]}}",
    "system_suffix": "{{[SYSTEM_END]}}",
    "user_alignment_message": "",
    "system_same_as_user": false,
    "last_system_sequence": "",
    "first_input_sequence": "",
    "last_input_sequence": "",
    "sequences_as_stop_strings": true,
    "story_string_prefix": "{{[SYSTEM]}}",
    "story_string_suffix": "{{[SYSTEM_END]}}",
    "name": "KoboldAI"
}
