{
    "input_sequence": "[INST] ",
    "output_sequence": " ",
    "last_output_sequence": "",
    "system_sequence": "[SYSTEM_PROMPT] ",
    "stop_sequence": "</s>",
    "wrap": false,
    "macro": true,
    "names_behavior": "force",
    "activation_regex": "",
    "first_output_sequence": "",
    "skip_examples": false,
    "output_suffix": "</s>",
    "input_suffix": "[/INST]",
    "system_suffix": "[/SYSTEM_PROMPT]",
    "user_alignment_message": "",
    "system_same_as_user": false,
    "last_system_sequence": "",
    "first_input_sequence": "",
    "last_input_sequence": "",
    "sequences_as_stop_strings": true,
    "story_string_prefix": "[SYSTEM_PROMPT] ",
    "story_string_suffix": "[/SYSTEM_PROMPT]",
    "name": "Mistral V7"
}
