{
    "input_sequence": "\nUser: ",
    "output_sequence": "\nAssistant: ",
    "last_output_sequence": "",
    "system_sequence": "",
    "stop_sequence": "",
    "wrap": false,
    "macro": true,
    "names_behavior": "force",
    "activation_regex": "",
    "first_output_sequence": "",
    "skip_examples": false,
    "output_suffix": "<|end_of_turn|>",
    "input_suffix": "<|end_of_turn|>",
    "system_suffix": "",
    "user_alignment_message": "",
    "system_same_as_user": false,
    "last_system_sequence": "",
    "first_input_sequence": "",
    "last_input_sequence": "",
    "sequences_as_stop_strings": true,
    "story_string_prefix": "",
    "story_string_suffix": "",
    "name": "OpenOrca-OpenChat"
}
